{
  "features": [
    "GenHlth",
    "HighBP",
    "BMI",
    "HighChol",
    "HighChol",
    "DiffWalk",
    "HeartDiseaseorAttack"
  ],
  "scaling_params": {
    "means": [
      2.837081989475471,
      0.5634583828438862,
      29.856985231709388,
      0.5257030498500538,
      0.5257030498500538,
      0.25273015334125504,
      0.1478102189781022
    ],
    "stds": [
      1.1135566408409916,
      0.49595668525269293,
      7.113903534857764,
      0.4993389161966105,
      0.4993389161966105,
      0.43457752235172126,
      0.3549117610670963
    ]
  }
}