{"mean": [0.570151144899991, 0.5313241017286632, 0.9748031496062992, 29.969843424744322, 0.4806588831568468, 0.06320934021178387, 0.15029414426644946, 0.6954113494433886, 0.6042175762512445, 0.7829486831387455, 0.04396777988958277, 0.9538419766494706, 0.0952122364014843, 2.8659788216128157, 3.838700334871934, 5.939831658973663, 0.25772468096660334, 0.45520861616435876, 0.019893203004796814, 0.029161010046158023, 0.038772739614444746, 0.04912661779346547, 0.06498325640329441, 0.09599058738347362, 0.12238211602859987, 0.14223911666214137, 0.15282831025432167, 0.1151959453344194, 0.07779889582767671, 0.07759978278577247, 0.02383926147162639, 0.05001357588922074, 0.2802063535161553, 0.2885147977192506, 0.3564123450085981, 0.06510996470268803, 0.0803873653724319, 0.09649742058104806, 0.11539505837632365, 0.14718074033849218, 0.16258484930762965, 0.27980812743234684, 0.379799076839533], "scale": [0.49505435748937765, 0.49901783600477884, 0.15672258651495719, 7.156128038721287, 0.49962578115951894, 0.24333910397175137, 0.35735950311369236, 0.46023298937463614, 0.48901809455307077, 0.4122378472557435, 0.20502344797891772, 0.20982721518168568, 0.29350786435956394, 1.1082565359453087, 8.227764648886074, 10.137435518196412, 0.43738160659459135, 0.49798969059016496, 0.13963331794026368, 0.16825767601879532, 0.19305287948444386, 0.21613235115928442, 0.24649631394915036, 0.29457833341447454, 0.327726614276232, 0.3492952194824817, 0.3598219251784561, 0.3192582645961243, 0.26785486300545486, 0.2675407567032982, 0.15254819266092215, 0.2179729756552263, 0.4490999365011475, 0.45307174841990594, 0.47893902047554043, 0.2467197949073052, 0.27189195806590355, 0.29527219375053315, 0.3194981046558, 0.35428600030470514, 0.3689864714095152, 0.4489048220448856, 0.48533672648108095]}