{
  "mean": [
    2.8659788216128157,
    0.570151144899991,
    29.969843424744322,
    0.379799076839533,
    0.5313241017286632,
    0.25772468096660334,
    0.15029414426644946
  ],
  "scale": [
    1.1082565359453087,
    0.49505435748937765,
    7.156128038721287,
    0.48533672648108095,
    0.49901783600477884,
    0.43738160659459135,
    0.35735950311369236
  ],
  "n_features_in": 7,
  "feature_names": [
    "GenHlth",
    "HighBP",
    "BMI",
    "BP_Chol_Risk",
    "HighChol",
    "DiffWalk",
    "HeartDiseaseorAttack"
  ]
}